"ID","FirstName","LastName","Position","TeamID","Active"
0,"Eddie","Lacy","RB",20,true
738,"Marion","Barber","RB",33,false
739,"Earl","Bennett","WR",33,true
740,"Jay","Cutler","QB",1,true
741,"Matt","Forte","RB",1,true
742,"Devin","Hester","WR",14,true
743,"Johnny","Knox","WR",33,false
744,"Greg","Olsen","TE",21,true
745,"Chester","Taylor","RB",1,true
746,"Roy","Williams","WR",33,false
747,"Robbie","Gould","K",1,true
748,"Chicago","Bears","DEF",1,true
749,"Cincinatti","Bengals","DEF",2,true
750,"Mike","Nugent","K",2,true
751,"Bernard","Scott","RB",2,true
752,"Jordan","Shipley","WR",16,true
753,"Jerome","Simpson","WR",19,true
754,"Carson","Palmer","QB",7,true
755,"Jermaine","Gresham","TE",7,true
756,"A.J.","Green","WR",2,true
757,"Andy","Dalton","QB",2,true
758,"Andre","Caldwell","WR",4,true
759,"Cedric","Benson","RB",33,true
760,"Ryan","Fitzpatrick","QB",17,true
761,"Lee","Evans","WR",33,false
762,"Fred","Jackson","RB",3,true
763,"Roscoe","Parrish","WR",33,false
764,"Shawn","Nelson","TE",3,true
765,"Steve","Johnson","WR",8,true
766,"C.J.","Spiller","RB",28,true
767,"Buffalo","Bills ","DEF",3,true
768,"Rian","Lindell","K",33,true
769,"Buster","Davis","WR",33,false
770,"Denver","Broncos","DEF",4,true
771,"Matt","Prater","K",4,true
772,"Tim","Tebow","QB",13,true
773,"Demaryius","Thomas","WR",4,true
774,"Julius","Thomas","TE",16,true
775,"Eddie","Royal","WR",1,true
776,"Brandon","Lloyd","WR",33,true
777,"Knowshon","Moreno","RB",33,true
778,"Willis","McGahee","RB",33,true
779,"Kyle","Orton","QB",33,true
780,"Virgil","Green","TE",4,true
781,"Brandon","Jackson","RB",5,true
782,"Montario","Hardesty","RB",5,true
783,"Peyton","Hillis","RB",33,true
784,"Joshua","Cribbs","WR",33,true
785,"Greg","Little","WR",23,true
786,"Mohamed","Massaquoi","WR",33,true
787,"Colt","McCoy","QB",26,true
788,"Brian","Robiskie","WR",18,true
789,"Benjamin","Watson","TE",28,true
790,"Cleveland","Browns","DEF",5,true
791,"Phil","Dawson","K",19,true
792,"Early","Doucet","WR",33,false
793,"Larry","Fitzgerald","WR",7,true
794,"Todd","Heap","TE",7,true
795,"Rob","Housler","TE",5,true
796,"Andre","Roberts","WR",26,true
797,"John","Skelton","QB",2,true
798,"Ryan","Williams","RB",7,true
799,"Beanie","Wells","RB",33,true
800,"Arizona","Cardinals","DEF",7,true
801,"Jay","Feely","K",33,true
802,"Nate","Kaeding","K",6,true
803,"San Diego","Chargers","DEF",8,true
804,"Billy","Volek","QB",33,false
805,"Laurent","Robinson","WR",33,false
806,"Philip","Rivers","QB",8,true
807,"Mike","Tolbert","RB",21,true
808,"Ryan","Mathews","RB",13,true
809,"Vincent","Jackson","WR",6,true
810,"Antonio","Gates","TE",8,true
811,"Malcom","Floyd","WR",8,true
812,"Seyi","Ajirotutu","WR",13,true
813,"Patrick","Crayton","WR",33,false
814,"Vincent","Brown","WR",10,true
815,"Matt","Cassel","QB",3,true
816,"Chris","Chambers","WR",33,false
817,"Jamaal","Charles","RB",9,true
818,"Jon","Baldwin","WR",19,true
819,"Steve","Breaston","WR",33,false
820,"Dwayne","Bowe","WR",5,true
821,"Dexter","McCluster","WR",32,true
822,"Thomas","Jones","RB",33,false
823,"Tony","Moeaki","TE",14,true
824,"Verran","Tucker","WR",33,false
825,"Kansas City","Chiefs","DEF",9,true
826,"Ryan","Succop","K",9,true
827,"Adam","Vinatieri","K",10,true
828,"Indianapolis","Colts","DEF",10,true
829,"Blair","White","WR",33,false
830,"Reggie","Wayne","WR",33,true
831,"Jacob","Tamme","TE",14,true
832,"Peyton","Manning","QB",4,true
833,"Donald","Brown","RB",8,true
834,"Joseph","Addai","RB",33,false
835,"Dallas","Clark","TE",25,true
836,"Delone","Carter","RB",33,true
837,"Austin","Collie","WR",33,true
838,"Pierre","Garcon","WR",26,true
839,"Anthony","Gonzalez","WR",33,false
840,"Tashard","Choice","RB",33,true
841,"Dez","Bryant","WR",11,true
842,"Miles","Austin","WR",13,true
843,"Martellus","Bennett","TE",15,true
844,"Felix","Jones","RB",33,true
845,"DeMarco","Murray","RB",13,true
846,"Tony","Romo","QB",11,true
847,"Jason","Witten","TE",11,true
848,"Kris","Brown","K",11,true
849,"David","Buehler","K",11,true
850,"Dallas","Cowboys","DEF",11,true
851,"Miami","Dolphins","DEF",12,true
852,"Dan","Carpenter","K",7,true
853,"Ricky","Williams","RB",12,true
854,"Daniel","Thomas","RB",1,true
855,"Brandon","Marshall","WR",17,true
856,"Davone","Bess","WR",33,true
857,"Reggie","Bush","RB",19,true
858,"Anthony","Fasano","TE",32,true
859,"Chad","Henne","QB",16,true
860,"Brian","Hartline","WR",5,true
861,"Jerome","Harrison","RB",12,true
862,"DeSean","Jackson","WR",26,true
863,"Brent","Celek","TE",13,true
864,"Riley","Cooper","WR",13,true
865,"Ronnie","Brown","RB",33,true
866,"Jason","Avant","WR",21,true
867,"LeSean","McCoy","RB",3,true
868,"Jeremy","Maclin","WR",9,true
869,"Dion","Lewis","RB",22,true
870,"Kevin","Kolb","QB",33,true
871,"Michael","Vick","QB",33,true
872,"Vince","Young","QB",33,true
873,"Philadelphia","Eagles","DEF",13,true
874,"Alex","Henery","K",13,true
875,"Atlanta","Falcons","DEF",14,true
876,"Matt","Bryant","K",14,true
877,"Roddy","White","WR",14,true
878,"Michael","Turner","RB",33,true
879,"Matt","Ryan","QB",14,true
880,"Jacquizz","Rodgers","RB",1,true
881,"Jason","Snelling","RB",33,false
882,"Julio","Jones","WR",14,true
883,"Harry","Douglas","WR",32,true
884,"Tony","Gonzalez","TE",33,false
885,"Brandon","Jacobs","RB",33,true
886,"Jerrel","Jernigan","WR",33,true
887,"Travis","Beckum","TE",15,true
888,"Ramses","Barden","WR",33,false
889,"Ahmad","Bradshaw","RB",33,true
890,"Eli","Manning","QB",15,true
891,"Mario","Manningham","WR",15,true
892,"Hakeem","Nicks","WR",32,true
893,"Steve (NYG)","Smith","WR",27,false
894,"New York","Giants","DEF",15,true
895,"Lawrence","Tynes","K",6,true
896,"Josh","Scobee","K",16,true
897,"Jacksonville","Jaguars","DEF",16,true
898,"Cecil","Shorts","WR",31,true
899,"Mike","Thomas","WR",18,true
900,"Zachary (JAX)","Miller","TE",16,true
901,"Marcedes","Lewis","TE",16,true
902,"Rashad","Jennings","RB",15,true
903,"Maurice","Jones-Drew","RB",33,true
904,"Jason","Hill","WR",33,false
905,"David","Garrard","QB",33,true
906,"Blaine","Gabbert","QB",19,true
907,"Shonn","Greene","RB",33,true
908,"Santonio","Holmes","WR",33,true
909,"Plaxico","Burress","WR",33,true
910,"Dustin","Keller","TE",33,true
911,"Joe","McKnight","RB",33,true
912,"LaDainian","Tomlinson","RB",27,false
913,"Mark","Sanchez","QB",13,true
914,"New York","Jets","DEF",17,true
915,"Nick","Folk","K",17,true
916,"Jason","Hanson","K",33,true
917,"Detroit","Lions","DEF",18,true
918,"Titus","Young","WR",33,true
919,"Tony","Scheffler","TE",18,true
920,"Matthew","Stafford","QB",18,true
921,"Brandon","Pettigrew","TE",18,true
922,"Mikel","Leshoure","RB",18,true
923,"Calvin","Johnson","WR",18,true
924,"Nate","Burleson","WR",5,true
925,"Jahvid","Best","RB",18,true
926,"Michael","Crabtree","WR",23,true
927,"Vernon","Davis","TE",19,true
928,"Anthony","Dixon","RB",3,true
929,"Kendall","Hunter","RB",19,true
930,"Frank","Gore","RB",10,true
931,"Ted","Ginn","WR",21,true
932,"Braylon","Edwards","WR",33,false
933,"Colin","Kaepernick","QB",19,true
934,"Josh","Morgan","WR",28,true
935,"Delanie","Walker","TE",32,true
936,"Alex","Smith","QB",33,true
937,"David","Akers","K",33,true
938,"San Francisco","49ers ","DEF",19,true
939,"Mason","Crosby","K",20,true
940,"Green Bay","Packers","DEF",20,true
941,"Aaron","Rodgers","QB",20,true
942,"James","Starks","RB",20,true
943,"Jordy","Nelson","WR",20,true
944,"James","Jones","WR",15,true
945,"Jermichael","Finley","TE",33,true
946,"Donald","Driver","WR",33,false
947,"Alex","Green","RB",17,true
948,"Greg","Jennings","WR",12,true
949,"Ryan","Grant","RB",33,false
950,"Randall","Cobb","WR",20,true
951,"Jimmy","Clausen","QB",1,true
952,"Mike","Goodson","RB",33,true
953,"David","Gettis","WR",21,true
954,"Armanti","Edwards","WR",21,true
955,"Brandon","LaFell","WR",22,true
956,"Legedu","Naanee","WR",33,false
957,"Cam","Newton","QB",21,true
958,"Jonathan","Stewart","RB",21,true
959,"Steve (CAR)","Smith","WR",25,true
960,"Jeremy","Shockey","TE",21,true
961,"Carolina","Panthers","DEF",21,true
962,"John","Kasay","K",33,true
963,"Olindo","Mare","K",21,true
964,"DeAngelo","Williams","RB",30,true
965,"Danny","Woodhead","RB",8,true
966,"New England","Patriots","DEF",22,true
967,"Steve","Gostkowski","K",22,true
968,"Stevan","Ridley","RB",17,true
969,"Brandon","Tate","WR",2,true
970,"Wes","Welker","WR",33,true
971,"Shane","Vereen","RB",15,true
972,"Chad","Ochocinco","WR",33,false
973,"Julian","Edelman","WR",22,true
974,"BenJarvus","Green-Ellis","RB",2,true
975,"Rob","Gronkowski","TE",22,true
976,"Aaron","Hernandez","TE",33,false
977,"Tom","Brady","QB",22,true
978,"Deion","Branch","WR",33,true
979,"Kevin","Boss","TE",9,true
980,"Jason","Campbell","QB",33,true
981,"Michael","Bush","RB",33,true
982,"Darrius","Heyward-Bey","WR",30,true
983,"Jacoby","Ford","WR",17,true
984,"Louis","Murphy","WR",6,true
985,"Taiwan","Jones","RB",23,true
986,"Darren","McFadden","RB",11,true
987,"Chaz","Schilens","WR",33,false
988,"Oakland","Raiders","DEF",23,true
989,"Sebastian","Janikowski","K",23,true
990,"St. Louis","Rams","DEF",24,true
991,"Cadillac","Williams","RB",24,true
992,"Josh","Brown","K",15,true
993,"Jerious","Norwood","RB",24,true
994,"Mike","Sims-Walker","WR",33,false
995,"Greg","Salas","WR",18,true
996,"Lance","Kendricks","TE",24,true
997,"Austin","Pettis","WR",24,true
998,"Brandon","Gibson","WR",22,true
999,"Steven","Jackson","RB",33,true
1000,"Michael","Hoomanawanui","TE",22,true
1001,"Mark","Clayton","WR",33,false
1002,"Sam","Bradford","QB",13,true
1003,"Donnie","Avery","WR",33,true
1004,"Danario","Alexander","WR",33,true
1005,"Danny","Amendola","WR",22,true
1006,"Anquan","Boldin","WR",19,true
1007,"Ed","Dickson","TE",21,true
1008,"TJ","Houshmandzadeh","WR",33,false
1009,"Joe","Flacco","QB",25,true
1010,"Ray","Rice","RB",25,true
1011,"Jalen","Parmele","RB",25,true
1012,"Derrick","Mason","WR",33,false
1013,"Torrey","Smith","WR",19,true
1014,"Donte","Stallworth","WR",22,true
1015,"Billy","Cundiff","K",17,true
1016,"Baltimore","Ravens","DEF",25,true
1017,"Washington","Redskins","DEF",26,true
1018,"Shayne","Graham","K",33,true
1019,"Graham","Gano","K",21,true
1020,"Keiland","Williams","RB",26,true
1021,"Ryan","Torain","RB",26,true
1022,"Malcolm","Kelly","WR",33,false
1023,"Santana","Moss","WR",33,true
1024,"Jabar","Gaffney","WR",33,false
1025,"Roy","Helu","RB",23,true
1026,"Leonard","Hankerson","WR",14,true
1027,"Tim","Hightower","RB",26,true
1028,"Fred","Davis","TE",33,true
1029,"Chris","Cooley","TE",26,true
1030,"Anthony","Armstrong","WR",11,true
1031,"John","Beck","QB",33,false
1032,"Randy","Moss","WR",33,false
1033,"Robert","Meachem","WR",33,true
1034,"Lance","Moore","WR",18,true
1035,"Pierre","Thomas","RB",33,true
1036,"Darren","Sproles","RB",13,true
1037,"David","Thomas","TE",28,true
1038,"Drew","Brees","QB",28,true
1039,"Marques","Colston","WR",28,true
1040,"Mark","Ingram","RB",28,true
1041,"Christopher","Ivory","RB",17,true
1042,"Devery","Henderson","WR",33,false
1043,"Jimmy","Graham","TE",29,true
1044,"Garrett","Hartley","K",30,true
1045,"New Orleans","Saints","DEF",28,true
1046,"Seattle","Seahawks","DEF",29,true
1047,"Charlie","Whitehurst","QB",32,true
1048,"Mike (SEA)","Williams","WR",33,false
1049,"Brandon","Coutu","K",29,true
1050,"Tarvaris","Jackson","QB",29,true
1051,"Jeff","Reed","K",29,true
1052,"Justin","Forsett","RB",25,true
1053,"John","Carlson","TE",33,true
1054,"Deon","Butler","WR",8,true
1055,"Golden","Tate","WR",18,true
1056,"Leon","Washington","RB",33,true
1057,"Zach (OAK)","Miller","TE",29,true
1058,"Ben","Obomanu","WR",33,false
1059,"Sidney","Rice","WR",29,true
1060,"Marshawn","Lynch","RB",29,true
1061,"Isaac","Redman","RB",30,true
1062,"Rashard","Mendenhall","RB",33,false
1063,"Heath","Miller","TE",30,true
1064,"Mike","Wallace","WR",34,true
1065,"Emmanuel","Sanders","WR",4,true
1066,"Ben","Roethlisberger","QB",30,true
1067,"Antonio","Brown","WR",30,true
1068,"Shaun","Suisham","K",30,true
1069,"Hines","Ward","WR",33,false
1070,"Pittsburgh","Steelers","DEF",30,true
1071,"Houston","Texans","DEF",31,true
1072,"Neil","Rackers","K",33,true
1073,"Owen","Daniels","TE",4,true
1074,"Arian","Foster","RB",31,true
1075,"Joel","Dreessen","TE",4,true
1076,"Andre","Johnson","WR",10,true
1077,"Matt","Schaub","QB",25,true
1078,"Steve","Slaton","RB",31,true
1079,"Kevin","Walter","WR",32,true
1080,"Derrick","Ward","RB",31,true
1081,"Ben","Tate","RB",33,true
1082,"Jacoby","Jones","WR",8,true
1083,"Chris","Johnson","RB",7,true
1084,"Jake","Locker","QB",33,true
1085,"Nate","Washington","WR",31,true
1086,"Javon","Ringer","RB",33,true
1087,"Matt","Hasselbeck","QB",10,true
1088,"Jared","Cook","TE",24,true
1089,"Kenny","Britt","WR",24,true
1090,"Tennessee","Titans","DEF",32,true
1091,"Damian","Williams","WR",32,true
1092,"Rob","Bironas","K",32,true
1093,"Terrell","Owens","WR",33,true
1094,"Christian","Ponder","QB",23,true
1095,"Adrian","Peterson","RB",34,true
1096,"Donovan","McNabb","QB",33,false
1097,"Kyle","Rudolph","TE",34,true
1098,"Visanthe","Shiancoe","TE",34,true
1099,"Greg","Camarillo","WR",33,false
1100,"Bernard","Berrian","WR",33,false
1101,"Percy","Harvin","WR",3,true
1102,"Michael","Jenkins","WR",22,true
1103,"Toby","Gerhart","RB",16,true
1104,"Ryan","Longwell","K",29,true
1105,"Minnesota","Vikings","DEF",34,true
1106,"Chad","Wilcomb","RB",33,false
1107,"Mike","Williams","WR",3,true
1108,"Josh","Freeman","QB",12,true
1109,"LeGarrette","Blount","RB",30,true
1110,"Kellen","Winslow","TE",33,true
1111,"Tampa Bay","Buccaneers","DEF",6,true
1112,"Arrelious","Benn","WR",13,true
1113,"Dwayne","Allen","TE",10,true
1114,"Jake","Ballard","TE",22,true
1115,"Gary","Barnidge","TE",21,true
1116,"James","Casey","RB",4,true
1117,"Scott","Chandler","TE",22,true
1118,"Orson","Charles","TE",28,true
1119,"Charles","Clay","TE",3,true
1120,"Kellen","Davis","TE",17,true
1121,"Michael","Egnew","TE",12,true
1122,"Coby","Fleener ","TE",10,true
1123,"Ladarius","Green","TE",8,true
1124,"Randy","McMichael","TE",8,true
1125,"Evan","Moore","TE",5,true
1126,"Brandon","Myers","TE",6,true
1127,"Dennis","Pitta","TE",25,true
1128,"Luke","Stocker","TE",6,true
1129,"Dan","Bailey","K",11,true
1130,"Randy","Bullock","K",31,true
1131,"Steven","Hauschka","K",29,true
1132,"Connor","Barth","K",6,true
1133,"Blair","Walsh","K",34,true
1134,"Greg","Zuerlein","K",24,true
1135,"Justin","Tucker","K",25,true
1136,"Nick","Novak","K",8,true
1137,"Trent","Richardson","RB",23,true
1138,"Robert","Griffin","QB",26,true
1139,"Andrew","Luck","QB",10,true
1140,"Eric","Decker","WR",17,true
1141,"Doug","Martin","RB",6,true
1142,"Victor","Cruz","WR",15,true
1143,"Ronnie","Hillman","RB",4,true
1144,"Kevin","Smith","RB",18,true
1145,"Denarius","Moore","WR",2,true
1146,"David","Wilson","RB",15,true
1147,"Justin","Blackmon","WR",16,true
1148,"Kendall","Wright","WR",32,true
1149,"Isaiah","Pead","RB",33,true
1150,"Matt","Flynn","QB",33,true
1151,"Ryan","Tannehill","QB",12,true
1152,"Russell","Wilson","QB",29,true
1153,"EJ","Manuel","QB",3,true
1154,"Geno","Smith","QB",17,true
1155,"Nick","Foles","QB",33,true
1156,"Kirk","Cousins","QB",26,true
1157,"Bruce","Gradkowski","QB",30,true
1158,"Chase","Daniel","QB",9,true
1159,"Matt","Barkley","QB",13,true
1160,"Tyler","Wilson","QB",23,true
1161,"Brock","Osweiler","QB",4,true
1162,"David","Carr","QB",33,false
1163,"Drew","Stanton","QB",7,true
1164,"T.J.","Yates","QB",14,true
1165,"Graham","Harrell","QB",20,true
1166,"Terrelle","Pryor","QB",5,true
1167,"Ryan","Mallett","QB",22,true
1168,"Ryan","Nassib","QB",15,true
1169,"Tyrod","Tailor","QB",25,true
1170,"Derek","Anderson","QB",21,true
1171,"Mike","Glennon","QB",6,true
1172,"Matt","Moore","QB",12,true
1173,"Josh","McCown","QB",5,true
1174,"Austin","Davis","QB",24,true
1175,"Shaun","Hill","QB",34,true
1176,"Dan","Orlovsky","QB",18,true
1177,"Landry","Jones","QB",30,true
1178,"Montee","Ball","RB",4,true
1179,"Alfred","Morris","RB",26,true
1180,"Le'Veon","Bell","RB",30,true
1181,"Lamar","Miller","RB",12,true
1182,"Andre","Brown","RB",31,true
1183,"Johnathan","Franklin","RB",20,true
1184,"Vick","Ballard","RB",10,true
1185,"Giovani","Bernard","RB",2,true
1186,"Daryl","Richardson","RB",17,true
1187,"Bryce","Brown","RB",3,true
1188,"Zac","Stacy","RB",17,true
1189,"Robert","Turbin","RB",29,true
1190,"Joseph","Randle","RB",11,true
1191,"Bernard","Pierce","RB",16,true
1192,"Marcel","Reece","RB",23,true
1193,"LaMichael","James","RB",19,true
1194,"Mike","Gillislee","RB",12,true
1195,"Shaun","Draughn","RB",9,true
1196,"Jonathan","Dwyer","RB",33,true
1197,"DuJuan","Harris","RB",34,true
1198,"Christine","Michael","RB",29,true
1199,"Andre","Ellington","RB",7,true
1200,"Lance","Dunbar","RB",11,true
1201,"Denard","Robinson","RB",16,true
1202,"Evan","Royster","RB",14,true
1203,"Brandon","Bolden","RB",22,true
1204,"Joique","Bell","RB",18,true
1205,"Bilal","Powell","RB",17,true
1206,"Rex","Burkhead","RB",2,true
1207,"Knile","Davis","RB",9,true
1208,"Le'Ron","McClain","RB",33,true
1209,"LaRod","Stephens-Howling","RB",33,true
1210,"Latavius","Murray","RB",23,true
1211,"Armando","Allen","RB",1,true
1212,"Chris","Polk","RB",31,true
1213,"Stepfan","Taylor","RB",7,true
1214,"Cierre","Wood","RB",31,true
1215,"Da'Rel","Scott","RB",15,true
1216,"Anthony","Allen","RB",25,true
1217,"Marcus","Lattimore","RB",19,true
1218,"Ray","Graham","RB",31,true
1219,"Mike","James","RB",6,true
1220,"Kenjon","Barner","RB",21,true
1221,"Kerwynn","Williams","RB",10,true
1222,"Chris","Thompson","RB",26,true
1223,"Cyrus","Gray","RB",33,true
1224,"Terrance","Ganaway","RB",24,true
1225,"Jackie","Battle","RB",33,true
1226,"T.Y.","Hilton","WR",10,true
1227,"Tavon","Austin","WR",24,true
1228,"Chris","Givens","WR",24,true
1229,"Josh","Gordon","WR",5,true
1230,"Michael","Floyd","WR",7,true
1231,"DeAndre","Hopkins","WR",31,true
1232,"Alshon","Jeffery","WR",1,true
1233,"Aaron","Dobson","WR",22,true
1234,"Rueben","Randle","WR",15,true
1235,"Ryan","Broyles","WR",18,true
1236,"Rod","Streater","WR",23,true
1237,"Jeremy","Kerley","WR",17,true
1238,"Mohamed","Sanu","WR",2,true
1239,"Robert","Woods","WR",3,true
1240,"A.J.","Jenkins","WR",11,true
1241,"Andrew","Hawkins","WR",5,true
1242,"Cordarrelle","Patterson","WR",34,true
1243,"Stephen","Hill","WR",33,true
1244,"Keenan","Allen","WR",8,true
1245,"Joe","Morgan","WR",28,true
1246,"Domenik","Hixon","WR",1,true
1247,"Jarius","Wright","WR",34,true
1248,"Tommy","Streeter","WR",12,true
1249,"Markus","Wheaton","WR",30,true
1250,"Da'Rick","Rogers","WR",33,true
1251,"Marquise","Goodwin","WR",3,true
1252,"Jordan","Cameron","TE",12,true
1253,"Tyler","Eifert","TE",2,true
1254,"Zach","Ertz","TE",13,true
1255,"Travis","Kelce","TE",9,true
1256,"Gavin","Escobar","TE",11,true
1257,"Vance","McDonald","TE",19,true
1258,"John","Phillips","TE",8,true
1259,"Kai","Forbath","K",26,true
1260,"Caleb","Sturgis","K",12,true
1261,"Dustin","Hopkins","K",28,true
1262,"Giorgio","Tavecchio","K",20,true
1263,"Zach","Sudfeld","TE",22,true
1264,"Kenbrell","Thompkins","WR",22,true
1265,"Sammy","Watkins","WR",3,true
1266,"Johnny","Manziel","QB",5,true
1267,"Troy","Niklas","TE",7,true
1268,"John","Brown","WR",7,true
1269,"Logan","Thomas","QB",7,true
1270,"Walt","Powell","WR",7,true
1271,"Devonta","Freeman","RB",14,true
1272,"Crockett","Gillmore","TE",25,true
1273,"Lorenzo","Taliaferro","RB",25,true
1274,"Kelvin","Benjamin","WR",21,true
1275,"Tyler","Gaffney","RB",21,true
1276,"Ka'Deem","Carey","RB",1,true
1277,"Jeremy","Hill","RB",2,true
1278,"AJ","McCarron","QB",2,true
1279,"Terrance","West","RB",5,true
1280,"Devin","Street","WR",11,true
1281,"Cody","Latimer","WR",4,true
1282,"Eric","Ebron","TE",18,true
1283,"T.J.","Jones","WR",18,true
1284,"Nate","Freese","K",18,true
1285,"Davante","Adams","WR",20,true
1286,"Richard","Rodgers","TE",20,true
1287,"Jared","Abbrederis","WR",20,true
1288,"Jeff","Janis","WR",20,true
1289,"C.J.","Fiedorowicz","TE",31,true
1290,"Tom","Savage","QB",31,true
1291,"Alfred","Blue","RB",31,true
1292,"Donte","Moncrief","WR",10,true
1293,"Blake","Bortles","QB",16,true
1294,"Marqise","Lee","WR",16,true
1295,"Allen","Robinson","WR",16,true
1296,"Storm","Johnson","RB",16,true
1297,"De'Anthony","Thomas","RB",9,true
1298,"Aaron","Murray","QB",9,true
1299,"Jarvis","Landry","WR",12,true
1300,"Arthur","Lynch","TE",12,true
1301,"Matt","Hazel","WR",12,true
1302,"Teddy","Bridgewater","QB",34,true
1303,"Jerick","McKinnon","RB",34,true
1304,"Brandin","Cooks","WR",28,true
1305,"Jimmy","Garoppolo","QB",22,true
1306,"James","White","RB",22,true
1307,"Odell","Beckham Jr.","WR",15,true
1308,"Andre","Williams","RB",15,true
1309,"Jace","Amaro","TE",17,true
1310,"Jalen","Saunders","WR",17,true
1311,"Shaq","Evans","WR",17,true
1312,"Quincy","Enunwa","WR",17,true
1313,"Tajh","Boyd","QB",30,true
1314,"Derek","Carr","QB",23,true
1315,"Jordan","Matthews","WR",13,true
1316,"Josh","Huff","WR",13,true
1317,"Dri","Archer","RB",30,true
1318,"Martavis","Bryant","WR",30,true
1319,"Rob","Blanchflower","TE",30,true
1320,"Marion","Grice","RB",8,true
1321,"Tevin","Reese","WR",2,true
1322,"Paul","Richardson","WR",29,true
1323,"Kevin","Norwood","WR",29,true
1324,"Kiero","Small","RB",29,true
1325,"Carlos","Hyde","RB",19,true
1326,"Bruce","Ellington","WR",19,true
1327,"Tre","Mason","RB",24,true
1328,"Garrett","Gilbert","QB",18,true
1329,"Mike","Evans","WR",6,true
1330,"Austin","Seferian-Jenkins","TE",6,true
1331,"Charles","Sims","RB",6,true
1332,"Robert","Herron","WR",6,true
1333,"Bishop","Sankey","RB",32,true
1334,"Zach","Mettenberger","QB",32,true
1335,"Ryan","Grant","WR",26,true
1336,"Lache","Seastrunk","RB",11,true
1337,"Ted","Bolser","TE",26,true
1338,"Zach","Hocker","TE",28,true
1339,"Keith","Wenning","QB",2,true
1340,"Mike","Campanaro","WR",25,true
1341,"David","Fales","QB",1,true
1342,"James","Wright","WR",2,true
1343,"Jay","Prosch","RB",31,true
1344,"Jeremy","Gallon","WR",22,true
1345,"Trey","Millard","RB",19,true
1346,"Jerricho","Cotchery","WR",21,true
1347,"Tiquan","Underwood","WR",21,true
1348,"Brandon","Weeden","QB",11,true
1349,"Jed","Collins","RB",33,true
1350,"Trindon","Holliday","WR",23,true
1351,"Kellen","Clemens","QB",8,true
1352,"Doug","Baldwin","WR",29,true
1353,"Brian","Hoyer","QB",31,true
2353,"CJ","Anderson","RB",4,true
2354,"Justin","Hunter","WR",32,true
2355,"Khiry","Robinson","RB",28,true
2356,"Levine","Toilolo","TE",14,true
2357,"Luke","Willson","TE",29,true
2358,"Jordan","Reed","TE",26,true
2359,"Terrance","Williams","WR",11,true
2360,"Kenny","Stills","WR",12,true
3353,"Marcus","Mariota","QB",32,true
3354,"Jameis","Winston","QB",6,true
3355,"Bryce","Petty","QB",17,true
3356,"Brett","Hundley","QB",20,true
3357,"Sean","Mannion","QB",24,true
3358,"Melvin","Gordon","RB",8,true
3359,"T.J.","Yeldon","RB",16,true
3360,"Tevin","Coleman","RB",14,true
3361,"Ameer","Abdullah","RB",18,true
3362,"Todd","Gurley","RB",24,true
3363,"Duke","Johnson","RB",5,true
3364,"Jay","Ajayi","RB",12,true
3365,"David","Johnson","RB",7,true
3366,"Matt","Jones","RB",26,true
3367,"Jeremy","Langford","RB",1,true
3368,"Javorius","Allen","RB",25,true
3369,"Mike","Davis","RB",19,true
3370,"David","Cobb","RB",32,true
3371,"Karlos","Williams","RB",3,true
3372,"Cameron","Artis-Payne","RB",21,true
3373,"Josh","Robinson","RB",10,true
3374,"Maxx","Williams","TE",25,true
3375,"Devin","Funchess","TE",21,true
3376,"Clive","Walford","TE",23,true
3377,"Ace","Sanders","WR",33,true
3378,"Dwayne","Harris","WR",17,true
3379,"DeVier","Posey","WR",17,true
3380,"Edwin","Baker","RB",28,true
3381,"Jordan","Todman","RB",21,true
3382,"Jarrett","Boykin","WR",21,true
3383,"Joseph","Morgan","WR",28,true
3384,"Duron","Carter","WR",10,true
3385,"Travaris","Cadet","RB",22,true
3386,"Brandon","Coleman","WR",28,true
3387,"Phillip","Supernaw","TE",32,true
3388,"Lee","Smith","TE",23,true
3389,"Case","Keenum","QB",33,true
3390,"Tim","Wright","TE",6,true
3391,"Carey","Spear","K",5,true
3392,"Tyrod","Taylor","QB",3,true
3393,"Travis","Coons","K",5,true
3394,"Ryan","Lindley","QB",22,true
3395,"Drew","Davis","WR",33,true
3396,"Freddie","Martino","WR",13,true
3397,"Bear","Pascoe","TE",1,true
3398,"Montell","Owens","RB",33,true
3399,"Chris","Williams","WR",33,true
3400,"Cobi","Hamilton","WR",12,true
3401,"Dane","Sanzenbacher","WR",33,true
3402,"Kevin","Brock","TE",28,true
3403,"Ray","Agnew","RB",11,true
3404,"Phil","Bates","WR",33,true
3405,"Rodney","Smith","WR",33,true
3406,"Ryan","Taylor","TE",9,true
3407,"Spencer","Lanning","K",4,true
3408,"Mike","Kafka","QB",34,true
3409,"Darrin","Reaves","RB",9,true
3410,"James","Wilder","RB",2,true
3411,"Michael","Ford","RB",14,true
3412,"Bennie","Fowler","WR",4,true
3413,"David","Nelson","WR",30,true
3414,"Ifeanyi","Momah","WR",7,true
3415,"Isaiah","Burse","WR",4,true
3416,"Willie","Snead","WR",28,true
3417,"Erik","Swoope","TE",10,true
3418,"Marcel","Jensen","TE",4,true
3419,"Rory","Anderson","TE",19,true
3420,"Brandon","Bogotay","K",6,true
3421,"Kevin","Dorsey","WR",22,true
3422,"Brandon","Bostick","TE",34,true
3423,"Thad","Lewis","QB",5,true
3424,"Deji","Karim","RB",33,true
3425,"Michael","Hill","RB",33,true
3426,"Josh","Cribbs","WR",33,true
3427,"Bradie","Ewing","RB",33,true
3428,"Will","Ta'ufo'ou","RB",33,true
3429,"Teddy","Williams","WR",21,true
3430,"Fendi","Onobun","TE",33,true
3431,"Henry","Josey","RB",33,true
3432,"Jerome","Felton","RB",3,true
3433,"Matt","Simms","QB",3,true
3434,"Chris","Ogbonnaya","RB",33,true
3435,"John","Conner","RB",3,true
3436,"Michael","Cox","RB",33,true
3437,"Kevin","Ogletree","WR",33,true
3438,"David","Ausberry","TE",18,true
3439,"Nick","Kasa","TE",33,true
3440,"Brad","Smith","WR",33,true
3441,"Michael","Palmer","TE",33,true
3442,"Mat","McBriar","K",33,true
3443,"Alfonso","Smith","RB",33,true
3444,"Phillip","Tanner","RB",33,true
3445,"Kassim","Osgood","WR",33,true
3446,"Andy","Lee","K",5,true
3447,"Bryan","Walters","WR",16,true
3448,"Zach","Miller","TE",33,true
3449,"Solomon","Patton","WR",4,true
3450,"Jordan","Palmer","QB",33,true
3451,"Derek","Hagan","WR",33,true
3452,"Kris","Durham","WR",23,true
3453,"Brett","Brackett","TE",33,true
3454,"Matthew","Mulligan","TE",3,true
3455,"Taylor","Thompson","TE",33,true
3456,"Davante","Parker","WR",20,true
3457,"Josh","Hill","TE",28,true
3458,"Amari","Cooper","WR",23,true
3459,"Charles","Johnson","WR",34,true
3460,"Cody","Parkey","K",13,true
3461,"Isaiah","Crowell","RB",5,true
3462,"Nelson","Agholor","WR",13,true
3463,"Brandon","McManus","K",4,true
3464,"Jonas","Gray","RB",22,true
3465,"Kevin","White","WR",1,true
3466,"Brian","Quick","WR",24,true
3467,"Larry","Donnell","TE",15,true
3468,"Dan","Herron","RB",10,true
3469,"Phillip","Dorsett","WR",10,true